,房屋户型,房屋套内面积,房屋朝向,装修情况,所在楼层,建筑时间,建筑类型,房屋标题,房屋所在位置,房屋总价,房屋单价,采集时间
1,4室2厅,129.6平米,南,精装,中楼层(共12层),2008年建,塔楼,海伦堡花园 南向跃式四房 望花园  视野开阔 满5没欠款,广州海伦堡    -  沙村 ,252,"19,445元/平",2022/4/30
2,3室2厅,129.65平米,北,精装,低楼层(共26层),2011年建,塔楼,此房望花园带主套、经典户型格局，适合刚需婚房改善、,锦绣新天地    -  新塘南 ,192.8,"14,871元/平",2022/4/30
3,4室2厅,156.69平米,东北,精装,高楼层(共26层),2012年建,塔楼,东北向望花园四房，业主诚心卖，合适可谈,锦绣新天地    -  新塘南 ,240,"15,317元/平",2022/4/30
4,3室2厅,120.98平米,南,精装,低楼层(共18层),2008年建,板塔结合,恒大山水城 3室2厅 南,恒大山水城    -  中新镇 ,193,"15,954元/平",2022/4/30
5,3室1厅,135.94平米,南,精装,中楼层(共11层) ,,塔楼,新塘大3房135平方急出随时看房,顺欣花园    -  新塘北 ,195,"14,345元/平",2022/4/30
6,4室1厅,132.99平米,南,简装,高楼层(共7层),2003年建,板楼,白江地铁口旁，太平洋花园 ，方正4房，仅9800,太平洋花园    -  白江 ,130,"9,776元/平",2022/4/30
7,4室3厅,178.76平米,南,精装,3层,2014年建,暂无数据,永和金地荔湖城公园上城别墅精装保养良好,金地荔湖城公园上城    -  永和 ,399.2,"22,332元/平",2022/4/30
8,3室2厅,74.1平米,西,精装,低楼层(共9层),2003年建,塔楼,嘉仕花园 精装修三房 实用率高 通透对流,嘉仕花园西区    -  滨江东 ,395,"53,307元/平",2022/4/30
9,4室2厅,182.03平米,北,毛坯,中楼层(共26层),2012年建,塔楼,业主诚心放卖，位置好，有地铁，有大型商场,群星新    -  白江 ,270,"14,833元/平",2022/4/30
10,5室2厅,204.03平米,东南 南,精装,30层,2013年建,板楼,白江地铁口旁东方名都板楼满五唯一南北对流舒适大五房,东方名都    -  白江 ,490,"24,017元/平",2022/4/30
11,4室2厅,246.21平米,南 北,毛坯,中楼层(共24层),2011年建,塔楼,实用四房、南北对流、景观优美、视野开阔、30平方阳台,翡翠绿洲湖翠苑    -  凤凰城 ,478,"19,415元/平",2022/4/30
12,3室1厅,118.8平米,东 南,简装,高楼层(共26层),1999年建,塔楼,万丰花园，省级，过五唯一，旺松园，三房带主套,万丰花园    -  前进路 ,500,"42,088元/平",2022/4/30
13,3室1厅,122.21平米,南 北,精装,中楼层(共32层),2017年建,塔楼,南北对流改善户型，小区门口就是公立鹤泉，诚心置换,合汇学府名郡    -  白江 ,215,"17,593元/平",2022/4/30
14,3室1厅,102.98平米,南 北,精装,低楼层(共33层),2010年建,塔楼,证够五年 唯一物业 没按揭 南北对流望花园 户型实用,光大花园中海锦榕湾    -  工业大道北 ,825,"80,113元/平",2022/4/30
15,5室1厅,200.26平米,南,精装,1层,2003年建,塔楼,满五唯一 四层联排别墅 有车库和大露台 装修精致温馨,丽江花园棕榈滩    -  南浦 ,820,"40,947元/平",2022/4/30
16,3室1厅,80.36平米,东南,精装,中楼层(共9层),1990年建,塔楼,农讲所板块 全新精装三房 采光好 看房方便,仓边路    -  农讲所 ,325,"40,444元/平",2022/4/30
17,7室2厅,120.01平米,北 南,精装,低楼层(共3层) ,,板楼,省级朝天，精装修低层七房，户型方正,中山六路    -  西门口 ,425,"35,414元/平",2022/4/30
18,3室1厅,47.5平米,东,精装,中楼层(共8层) ,,板楼,洪德路 双地铁 精装修三房 楼梯中层 光线好,洪德路    -  洪德 ,173,"36,422元/平",2022/4/30
19,2室1厅,65.8平米,南,简装,高楼层(共9层),1997年建,塔楼,华为板块 地铁口，花园小区南向两房 有电梯位,华宇苑    -  罗冲围 ,138,"20,973元/平",2022/4/30
20,4室2厅,68.12平米,东南,精装,中楼层(共8层),1995年建,塔楼,鸿运花园 4室2厅 东南,鸿运花园    -  赤岗 ,300,"44,040元/平",2022/4/30
21,2室1厅,59.17平米,南,精装,高楼层(共9层) ,,塔楼,越秀区 马赛克外墙 双阳台 有电梯位置 新装修大两房,西华路    -  西华路 ,198,"33,463元/平",2022/4/30
22,3室1厅,97.94平米,北 南,简装,低楼层(共9层) ,,塔楼,城中安静低层三房，少有放卖，你值得拥有,文德路    -  北京路 ,400,"40,842元/平",2022/4/30
23,3室2厅,111.6平米,东,其他,低楼层(共18层) ,,塔楼,新塘白江地段小区 全新装修未住,假日花园    -  白江 ,223,"19,983元/平",2022/4/30
24,3室2厅,95.95平米,南 北,精装,高楼层(共9层) ,,塔楼,天河南南向大三房 电梯高层  阳台视野很好 望珠江新城,广州开发区宿舍    -  天河南 ,640,"66,702元/平",2022/4/30
25,3室1厅,93.26平米,北 东北,精装,中楼层(共18层),2009年建,塔楼,此房满五唯一税费少，户型方正，中高楼层视野好,富力城北区    -  夏茅 ,275,"29,488元/平",2022/4/30
26,3室1厅,74.11平米,南,精装,中楼层(共9层),1999年建,塔楼,此房视野开阔通风采光好，配套设施齐全，业主诚心放卖,广园云苑新村    -  景泰 ,230,"31,035元/平",2022/4/30
27,3室1厅,93.73平米,北,精装,中楼层(共6层),2002年建,板楼,小区居住率高，生活娱乐配套齐全，房子产权证过五年,祈福新村康怡居    -  祈福新村 ,258,"27,526元/平",2022/4/30
28,3室2厅,99.68平米,西,简装,中楼层(共15层),1999年建,塔楼,百顺台花园  厅出阳台靓户型3房   带主套  双阳台,百顺台花园    -  新市 ,310,"31,100元/平",2022/4/30
29,3室2厅,83平米,北,简装,中楼层(共9层),1999年建,塔楼,云宁居 3室2厅 北,云宁居    -  沙太南 ,298,"35,904元/平",2022/4/30
30,3室1厅,74.25平米,北,简装,中楼层(共9层),1990年建,塔楼,证满五年，产权清晰 格局方正，实用三房，配套齐全,景泰新村    -  景泰 ,200,"26,937元/平",2022/4/30
31,3室2厅,121.88平米,东南,精装,高楼层(共60层) ,,板塔结合,中海花湾锦汇华庭 方正实用三房，精致装修 各付各税,中海锦汇华庭（A区）    -  广钢新城 ,645,"52,921元/平",2022/4/30
32,3室2厅,92.65平米,南 北,简装,低楼层(共35层),2007年建,塔楼,本房满五唯一税费低，刚装修厨房，户型方正，南北对流,天马丽苑二期    -  旧区 ,155,"16,730元/平",2022/4/30
33,2室1厅,80.6平米,东北,简装,中楼层(共11层),2000年建,塔楼,丽江花园电梯两房  户型方正  双阳台  交通便利,丽江花园九如通津    -  南浦 ,268,"33,251元/平",2022/4/30
34,3室2厅,92.11平米,北,精装,低楼层(共19层),2005年建,塔楼,花样年华一期 单证 户型方正 三房两卫,番禺海伦堡花样年华一期    -  桥南 ,245,"26,599元/平",2022/4/30
35,3室1厅,89.95平米,东南,其他,中楼层(共7层),1998年建,塔楼,禺华园 3室1厅 东南,禺华园    -  市桥 ,190,"21,123元/平",2022/4/30
36,3室1厅,85.42平米,南,简装,中楼层(共6层),2000年建,塔楼,光大一期 南向安静3房 采光充足,光大花园    -  工业大道北 ,507,"59,354元/平",2022/4/30
37,3室1厅,99平米,南,毛坯,低楼层(共18层),2015年建,塔楼,荔富湖畔 3室1厅 南,荔富湖畔    -  朱村 ,150,"15,152元/平",2022/4/30
38,3室1厅,62.04平米,东,精装,低楼层(共9层),1990年建,塔楼,东风西低层实用三房，过五年无增值税。,百灵路    -  西门口 ,276,"44,488元/平",2022/4/30
39,3室1厅,75.78平米,南 西 北,简装,中楼层(共8层) ,,塔楼,原小北 大院管理  环境安静 采光充足 视野宽阔,应元路    -  小北 ,580,"76,538元/平",2022/4/30
40,2室1厅,74.55平米,东北,精装,低楼层(共32层),2015年建,塔楼,满五年没有按揭    装修保养好    诚心卖可以谈,敏捷锦绣天伦    -  新塘北 ,152,"20,390元/平",2022/4/30
41,3室2厅,90.43平米,南,简装,高楼层(共7层) ,,暂无数据,建设北路总架低户型方正采光充足拎包入住南向房大厅大,建设北路    -  旧区 ,68,"7,520元/平",2022/4/30
42,3室2厅,72平米,南,精装,低楼层(共9层),1992年建,塔楼,新凤凰后街1-5号大院3-2-1-1,新凤凰后街1-5号大院    -  滨江东 ,278,"38,612元/平",2022/4/30
43,3室2厅,141.12平米,东北,精装,中楼层(共33层),2012年建,塔楼,地铁五号线 高层大三房 南北对流一线江景 西关培正,新世界凯粤湾    -  蚩 ,718,"50,879元/平",2022/4/30
44,7室2厅,230.2平米,东南,简装,高楼层(共8层),2000年建,塔楼,小区安静舒适，适合老人家自住，也适合刚需小年轻。,金城花园    -  大石 ,385,"16,725元/平",2022/4/30
45,3室1厅,63.78平米,东北,精装,低楼层(共34层) ,,板楼,万科尚城实用三房 楼年新 配套齐全 望花园,万科尚城    -  夏园 ,265,"41,550元/平",2022/4/30
46,3室2厅,102.1平米,南 北,简装,高楼层(共16层),2005年建,塔楼,柏蕙花园二期 高层三房带主套 视野开阔 看房方便,柏蕙花园    -  滨江东 ,640,"62,684元/平",2022/4/30
47,2室1厅,34.01平米,北,精装,中楼层(共22层),2016年建,塔楼,房子装修保养好，业主诚心放卖，格局方正 ，交通便利,黄埔万科中心    -  文冲 ,73,"21,465元/平",2022/4/30
48,3室2厅,121.9平米,南,精装,中楼层(共6层) ,,塔楼,此房中间楼层，南北对流，户型方正，无抵押,新康花园    -  白江 ,172,"14,110元/平",2022/4/30
49,3室2厅,78.06平米,南,简装,高楼层(共7层) ,,塔楼,口岸公司宿舍楼 3室2厅 南,口岸公司宿舍楼    -  白江 ,88,"11,274元/平",2022/4/30
50,3室2厅,112.23平米,南,毛坯,中楼层(共15层),2013年建,塔楼,巧克力 毛坯 大三房 业主诚心放,太阳城巧克力    -  永和 ,150,"13,366元/平",2022/4/30
51,2室1厅,74.18平米,东北,精装,中楼层(共11层),2012年建,塔楼,地铁口两房，小高层住宅，精装修，采光视野好,新都盛世名门    -  白江 ,190,"25,614元/平",2022/4/30
52,5室2厅,144.43平米,西南,简装,高楼层(共6层) ,,板楼,碧桂园大户型 ，配套完善，环境宜人 上学方便,荔城碧桂园    -  荔城西区 ,180,"12,463元/平",2022/4/30
53,3室2厅,101.06平米,北,精装,中楼层(共27层),2014年建,塔楼,地铁口精装  标准三房  满五   户型方正   无按揭,金泽豪庭    -  白江 ,210,"20,780元/平",2022/4/30
54,2室1厅,88.97平米,南 北,精装,高楼层(共14层),2016年建,塔楼,13号线地铁白江站新景豪庭南北朝向两房，业主诚心放卖,新景豪庭    -  白江 ,170,"19,108元/平",2022/4/30
55,3室2厅,99.11平米,南,精装,高楼层(共31层),2016年建,塔楼,豪进广场精装3房，南向过五年省税，亲民的预算,碧桂园豪进广场    -  白江 ,237,"23,913元/平",2022/4/30
56,2室1厅,58.67平米,北,精装,中楼层(共18层) ,,塔楼,全新精装修 通风光线好。视野宽阔，交通便利近地铁,假日花园    -  白江 ,138,"23,522元/平",2022/4/30
57,2室1厅,59.92平米,北,精装,中楼层(共11层) ,,塔楼,新塘TOD旁，亚太银座二房，业主包税，精装修看房方便,亚太新城亚太银座一期    -  新塘北 ,142,"23,699元/平",2022/4/30
58,1室1厅,52.39平米,东,精装,中楼层(共28层),2014年建,塔楼,碧桂园凤凰城凤晴苑 1室1厅 东,碧桂园凤凰城凤晴苑    -  凤凰城 ,86,"16,416元/平",2022/4/30
59,3室1厅,91.65平米,东南,精装,高楼层(共18层),2009年建,塔楼,南向望花园，全新装修，楼层视野好,锦绣新天地    -  新塘南 ,170,"18,549元/平",2022/4/30
60,2室2厅,77.31平米,东北,精装,中楼层(共5层) ,,塔楼,漂亮楼层合理格局正规两房双阳台,新塘新世界花园嘉华苑    -  沙村 ,139,"17,980元/平",2022/4/30
61,3室2厅,90.2平米,东南 南,精装,中楼层(共32层),2016年建,塔楼,金泽豪庭东南向三房 全新未住 中层看花园采光好,金泽豪庭    -  白江 ,205,"22,728元/平",2022/4/30
62,3室1厅,96.79平米,北,简装,中楼层(共11层),2002年建,塔楼,凤馨苑 中高层 南北对流 标准三房2卫 保养新 采光好,碧桂园凤凰城凤馨苑    -  凤凰城 ,176,"18,184元/平",2022/4/30
63,3室1厅,105.26平米,南,精装,中楼层(共12层),2002年建,塔楼,荷塘月色  户型方正 产权清晰 看房方便 业主诚心出,白云高尔夫花园荷塘月色    -  黄石 ,210,"19,951元/平",2022/4/30
64,2室2厅,83.69平米,南,简装,低楼层(共18层),2011年建,塔楼,小区少有南向户型，好房视野宽阔采光好 税费低,时代倾城(增城区)    -  荔城增江 ,115,"13,742元/平",2022/4/30
65,2室1厅,73.12平米,西北,简装,中楼层(共11层),2006年建,塔楼,光大花园 满五 非唯一 小区管理 交通便利 楼龄新,光大花园    -  工业大道北 ,450,"61,543元/平",2022/4/30
66,3室2厅,79.56平米,南,简装,高楼层(共6层) ,,板楼,零分摊，实用率高，南北对流，地铁口物业，成熟大社区,水电二局宿舍    -  白江 ,112,"14,078元/平",2022/4/30
67,2室1厅,76.8平米,北,简装,低楼层(共32层),2015年建,塔楼,锦绣天伦两房，满五年，业主实在卖，看房方便,敏捷锦绣天伦    -  新塘北 ,146,"19,011元/平",2022/4/30
68,2室1厅,78.79平米,北,精装,中楼层(共18层),2012年建,塔楼,地铁口小区安静不吵，高楼层，阳台望小区花园，保养好,新塘新世界花园万象苑    -  沙村 ,179,"22,719元/平",2022/4/30
69,3室1厅,141.15平米,西南,精装,29层,2013年建,塔楼,白江地铁站精装复式三房三卫 。,东方名都    -  白江 ,308,"21,821元/平",2022/4/30
70,4室1厅,145.94平米,东,毛坯,中楼层(共20层),2010年建,板楼,大四房！带主套！视野开阔，格局方正，交通便利配套齐,海景居    -  河滨北路 ,170,"11,649元/平",2022/4/30
71,2室2厅,82.9平米,东北,精装,高楼层(共17层),2008年建,塔楼,海伦堡花园  大2房 证过5年 唯一物业 税费少,广州海伦堡    -  沙村 ,160,"19,301元/平",2022/4/30
72,4室1厅,156.15平米,北,精装,高楼层(共25层),2012年建,塔楼,房子满五唯一，精装修，户型方正，楼层好,锦绣新天地    -  新塘南 ,249,"15,947元/平",2022/4/30
73,6室2厅,535.23平米,南,精装,低楼层(共23层) ,,塔楼,石楼碧桂园 景观好 装修保养好 看房方便,石楼碧桂园    -  石楼 ,800,"14,947元/平",2022/4/30
74,3室2厅,135.6平米,南,精装,低楼层(共19层),2010年建,塔楼,东南朝向，户型漂亮，精装修，证够二,南华时代城    -  旧区 ,226,"16,667元/平",2022/4/30
75,4室2厅,147.51平米,东南,精装,低楼层(共18层) ,,塔楼,富力泉天下 带露台出卖 东南向户型 环境靓 空气好,富力泉天下    -  温泉镇 ,110,"7,458元/平",2022/4/30
76,3室2厅,95.31平米,南 北,简装,中楼层(共19层) ,,塔楼,近地铁 ，户型方正，南北通透格局，采光好。,恒福花园    -  中新镇 ,161,"16,893元/平",2022/4/30
77,3室2厅,85.02平米,东北,精装,高楼层(共32层),2018年建,塔楼,敏捷绿湖国际三期小3房，户型方正，房间大，采光好,广州敏捷绿湖首府三期    -  石滩镇 ,95,"11,174元/平",2022/4/30
78,3室2厅,105.97平米,东南,毛坯,中楼层(共24层),2002年建,塔楼,房子过5年唯一低税，中楼层，朝向好，业主诚心出。,碧桂园凤凰城凤锦苑    -  凤凰城 ,185,"17,458元/平",2022/4/30
79,2室1厅,82.86平米,南,毛坯,高楼层(共32层),2017年建,塔楼,非看不可！南向高层，看湖美景，不欠款，急卖，可谈J,金地香山湖    -  永和 ,103,"12,431元/平",2022/4/30
80,4室2厅,135平米,南,精装,高楼层(共24层),2002年建,塔楼,南北对流户型，高楼层视野四房，满五年省增值税,碧桂园凤凰城凤锦苑    -  凤凰城 ,259,"19,186元/平",2022/4/30
81,3室2厅,110.09平米,西南,精装,中楼层(共24层),2012年建,塔楼,莱茵水岸 业主工作升迁调动 地铁洋房 少有户型放卖。,莱茵水岸    -  江浦街 ,190,"17,259元/平",2022/4/30
82,3室1厅,93.77平米,南 北,简装,低楼层(共18层),2014年建,板塔结合,实用小三房满五省税，使用率高有大平台,景新国际名城    -  中新镇 ,140.2,"14,952元/平",2022/4/30
83,2室1厅,79.9平米,南,精装,中楼层(共17层),2013年建,塔楼,新塘TOD旁 精装高层南向大2房2卫 满五年唯一,亚太新城亚太银座一期    -  新塘北 ,168,"21,027元/平",2022/4/30
84,3室2厅,121.4平米,南 北,精装,中楼层(共6层) ,,塔楼,邻地铁 大三房 满五 全新精装房未入住,恒福花园    -  中新镇 ,168,"13,839元/平",2022/4/30
85,3室1厅,130.89平米,南 北,简装,高楼层(共26层),2009年建,塔楼,此房楼层佳，视野好，采光足，保养好，三大阳台,金泽豪庭    -  白江 ,255,"19,483元/平",2022/4/30
86,3室1厅,127.23平米,北,毛坯,中楼层(共23层),2006年建,塔楼,顺欣广场 全新毛坯 户型方正 阳台望园区,顺欣广场    -  新塘北 ,175,"13,755元/平",2022/4/30
87,3室2厅,114.94平米,南 北,精装,低楼层(共27层),2010年建,塔楼,金泽豪庭白江地铁800米，小区中间楼栋满五年无按揭,金泽豪庭    -  白江 ,240,"20,881元/平",2022/4/30
88,2室1厅,78.32平米,南,毛坯,中楼层(共31层),2016年建,塔楼,豪进广场 南向两房 户型方正 视野开阔,碧桂园豪进广场    -  白江 ,204,"26,047元/平",2022/4/30
89,3室2厅,79.06平米,东北,精装,中楼层(共22层),2012年建,板楼,新都盛世名门宏城汇 3室2厅 东北,新都盛世名门宏城汇    -  白江 ,165,"20,871元/平",2022/4/30
90,2室1厅,62.95平米,北,精装,中楼层(共11层),2016年建,塔楼,舒适电梯两房 全新未住 采光充足 户型方正,景新豪苑    -  新塘北 ,101,"16,045元/平",2022/4/30
91,3室2厅,102平米,东南,精装,中楼层(共9层) ,,塔楼,"大三房双阳台，客厅大, 全明屋",从化商贸城    -  江浦街 ,89,"8,726元/平",2022/4/30
92,3室1厅,122.79平米,东南 南,精装,低楼层(共32层),2017年建,塔楼,刚需大三房，户型方正，业主诚心出卖,广州敏捷绿湖首府二期    -  石滩镇 ,120,"9,773元/平",2022/4/30
93,3室2厅,97.8平米,南,精装,低楼层(共18层),2002年建,塔楼,凤凰城凤馨苑 南向采光亮堂  三房两卫适用户型  安静,碧桂园凤凰城凤馨苑    -  凤凰城 ,168,"17,178元/平",2022/4/30
94,3室2厅,95.94平米,南 北,精装,低楼层(共24层),2016年建,塔楼,森林半岛南向三房    精装修保养好   看房方便,翡翠绿洲森林半岛    -  凤凰城 ,190,"19,805元/平",2022/4/30
95,3室2厅,102平米,西北,精装,高楼层(共30层),2012年建,塔楼,地铁口精装三房  满五年税费少  高层 视野开阔,新都盛世名门    -  白江 ,223,"21,863元/平",2022/4/30
96,3室1厅,58.11平米,西 北,简装,低楼层(共7层) ,,塔楼,近地铁 全明3房 低楼层 封闭小区,广钢鹤翔小区鹤翔里    -  鹤洞 ,178,"30,632元/平",2022/4/30
97,2室1厅,69.81平米,东南,简装,低楼层(共15层),2009年建,塔楼,南岗地铁口 满五 地铁盘 户型方正东南向两房,富域尚品居    -  夏园 ,225,"32,231元/平",2022/4/30
98,3室1厅,65.02平米,南,精装,低楼层(共8层) ,,塔楼,应元路大院管理 框架机构 实用三房 带30方平台花园,应元路    -  小北 ,465,"71,517元/平",2022/4/30
99,3室1厅,83.33平米,南,简装,高楼层(共5层) ,,塔楼,旧证税费，挂绿广场地段，首付低，月供低。,挂绿街东一巷    -  荔城中区 ,46,"5,521元/平",2022/4/30
100,4室1厅,96.28平米,南,精装,低楼层(共32层) ,,塔楼,香柏华府 南北朝向 精装四房 望园景,君华香柏华府    -  沙湾 ,320,"33,237元/平",2022/4/30
101,2室1厅,39.5平米,北,其他,低楼层(共3层) ,,暂无数据,三堂路 2室1厅 北,三堂路    -  市桥 ,78,"19,747元/平",2022/4/30
102,4室1厅,120.06平米,南,精装,高楼层(共20层),2014年建,塔楼,新世界花园万象苑120方四房保养好看房方便,新塘新世界花园万象苑    -  沙村 ,315,"26,237元/平",2022/4/30
103,2室1厅,68.1平米,东南,精装,中楼层(共7层),1998年建,塔楼,东南向单边位，低层，装修保养好，拎包入住，近大门口,广州碧桂园华苑    -  南浦 ,225,"33,040元/平",2022/4/30
104,2室2厅,85.31平米,南 北,精装,4层,2006年建,板楼,南国奥园 南北通透双阳台两房 满五唯一 装修精致,南国奥林匹克花园    -  汉溪长隆 ,305,"35,752元/平",2022/4/30
105,3室2厅,83.3平米,东南 西南,其他,低楼层(共30层),2019年建,塔楼,俯瞰花园全景，视野开阔，全新未入住,佳兆业城市广场    -  沙村 ,275,"33,014元/平",2022/4/30
106,3室1厅,129.9平米,西北,精装,中楼层(共18层),2003年建,塔楼,户型方正，电梯高层，实用三房，人车分流小区,丽江花园左岸    -  南浦 ,398,"30,639元/平",2022/4/30
107,3室2厅,87.06平米,北,简装,高楼层(共7层),2004年建,板楼,东华花园一期视野开阔 高层带天台使用 有钥匙看房方便,东华花园    -  市桥东 ,265,"30,439元/平",2022/4/30
108,2室1厅,40.59平米,南 北,简装,中楼层(共9层),1997年建,塔楼,鹭江地铁 精装小两房 拎包入住 近江边 随时看房,鹭江富华楼    -  新港西 ,162,"39,912元/平",2022/4/30
109,3室1厅,123.8平米,东南,简装,高楼层(共8层) ,,塔楼,华侨城电梯8楼东南向，带100方的平台，满五年少税,华侨城(番禺)    -  市桥 ,256,"20,679元/平",2022/4/30
110,3室2厅,80.5平米,南,精装,低楼层(共6层) ,,板楼,建设北路 3室2厅 南,建设北路    -  旧区 ,88,"10,932元/平",2022/4/30
111,2室1厅,54.9平米,西南,精装,中楼层(共9层),1997年建,塔楼,客村地铁 赤岗片区 电梯 采光好,景致花园    -  赤岗 ,205,"37,341元/平",2022/4/30
112,2室1厅,77.68平米,东,简装,高楼层(共25层),2004年建,塔楼,东Z高层两房 可望公园&江景 户型通风实用 看房方便,东Z花园    -  员村 ,540,"69,516元/平",2022/4/30
113,3室2厅,125.25平米,南,精装,低楼层(共27层) ,,塔楼,东南向看河 精装3房2卫 格局方正 采光好,天马河壹号    -  秀全街 ,203,"16,208元/平",2022/4/30
114,2室1厅,76.89平米,西南,简装,低楼层(共11层),2000年建,塔楼,老人的健康休闲居所 儿童的游玩天地 年轻人的幸福之家,光大花园    -  工业大道北 ,497,"64,638元/平",2022/4/30
115,4室1厅,162平米,西,简装,中楼层(共25层),2009年建,塔楼,锦绣半岛西区 4室1厅 西,锦绣半岛西区    -  南浦 ,398,"24,568元/平",2022/4/30
116,3室1厅,69.64平米,南,精装,高楼层(共5层) ,,板楼,精装三房 户型方正 南北通 大阳台,环城东路    -  市桥 ,148,"21,253元/平",2022/4/30
117,1室1厅,22.99平米,东南,简装,低楼层(共9层) ,,塔楼,房子满五年唯一，临江小户型，总*低，小区管理,听涛雅苑    -  滨江东 ,110,"47,847元/平",2022/4/30
118,2室1厅,51.94平米,南 北,其他,低楼层(共6层),1980年建,板楼,此房房改房，小区管理，南北通透，2楼带平台，环境好,东园新村    -  东山口 ,418,"80,478元/平",2022/4/30
119,3室1厅,69.81平米,西南,其他,高楼层(共8层) ,,塔楼,光塔路 3室1厅 西南,光塔路    -  西门口 ,227,"32,517元/平",2022/4/30
120,3室1厅,85.8平米,南,精装,中楼层(共7层) ,,板楼,大东路 实用3房 框架结构 装修保养新即可入住,大东路    -  市桥 ,142,"16,551元/平",2022/4/30
121,1室1厅,37.08平米,东,简装,9层,2006年建,塔楼,楼龄新小区 满五年 南向刚需户型 上车盘 配套成熟,橡树园    -  沙太南 ,172,"46,387元/平",2022/4/30
122,3室1厅,67.73平米,南,其他,中楼层(共8层),1995年建,塔楼,海珠中路 低楼层精装修三房 小院管理,海珠中路    -  西门口 ,258,"38,093元/平",2022/4/30
123,3室2厅,94.08平米,东南,精装,低楼层(共15层),2017年建,塔楼,热橙花园 3房带主套 看花园全景 带装修 看房方便,雅居乐万科热橙    -  花山镇 ,139,"14,775元/平",2022/4/30
124,2室1厅,73.09平米,南,精装,9层,1998年建,塔楼,金雅苑 电梯东南向两房，带天台花园，使用率89.96%,金雅苑    -  滨江东 ,438,"59,927元/平",2022/4/30
125,3室1厅,62.98平米,南,精装,中楼层(共9层),1998年建,塔楼,南向三房  满五 采光通风好 户型方正 适合刚需,汇美西苑    -  同德围 ,180,"28,581元/平",2022/4/30
126,3室1厅,67.9平米,东北,简装,高楼层(共7层) ,,板楼,八一三房 大院管理 框架 阳光充足 居住宁静 格局方正,达道路    -  东山口 ,426,"62,740元/平",2022/4/30
127,2室1厅,83.12平米,东,精装,低楼层(共31层),1994年建,塔楼,富信广场  近广州东站 满五唯一  采光视野好 诚心放卖,富信广场    -  林和 ,299,"35,973元/平",2022/4/30
128,3室2厅,83.38平米,东北,精装,中楼层(共32层),2018年建,塔楼,绿湖三期刚需小三房 中楼层 户型方正 精装修 采光好,广州敏捷绿湖首府三期    -  石滩镇 ,89,"10,675元/平",2022/4/30
129,2室1厅,62.53平米,西南,精装,低楼层(共12层),1997年建,塔楼,东鹏二期 满五唯一 原装电梯 带平台 户型方正实用两房,东鹏花园二期    -  坑口 ,215,"34,384元/平",2022/4/30
130,2室2厅,69.2平米,北,简装,低楼层(共7层),1999年建,塔楼,洛湖居 低楼层两房 过五唯一  税费少,芳华花园洛湖居    -  洛溪 ,199,"28,758元/平",2022/4/30
131,3室2厅,97.08平米,南,简装,9层,1999年建,板塔结合,温馨三房双阳台南向安静出行便捷已完成微改造环境优美,金富苑    -  天润路 ,530,"54,595元/平",2022/4/30
132,3室2厅,122.57平米,东南,简装,中楼层(共12层),1999年建,塔楼,急卖，低至11000一个方，东南向高层电梯三房，,明珠花园(南沙区)    -  金洲 ,132,"10,770元/平",2022/4/30
133,2室2厅,55.87平米,西,简装,低楼层(共9层) ,,塔楼,越秀南团一大、加装电梯平层、实用两房、过五年,越秀南路    -  越秀南 ,240,"42,957元/平",2022/4/30
134,2室1厅,64.15平米,南 北,简装,高楼层(共9层),1994年建,板楼,随时可看，电梯两房，地铁10号线，安静舒适，南北对流,江怡路    -  滨江东 ,256,"39,907元/平",2022/4/30
135,3室1厅,69.93平米,东北,精装,中楼层(共34层),2017年建,塔楼,万科里享家 3室1厅 东北,万科里享家    -  科学城 ,169,"24,168元/平",2022/4/30
136,3室1厅,80.1平米,东 南 北,简装,中楼层(共8层) ,,塔楼,中层三房 东南北三面单边 户型方正 有位置加装电梯,大沙头路    -  东湖 ,350,"43,696元/平",2022/4/30
137,4室1厅,68.12平米,东南,精装,中楼层(共8层),1995年建,塔楼,鸿运花园 4室1厅 东南,鸿运花园    -  赤岗 ,300,"44,040元/平",2022/4/30
138,3室2厅,91.69平米,南 北,精装,中楼层(共8层) ,,塔楼,此房满五年，税费少，南北对流，低楼层视野好,松园大道    -  旧区 ,102,"11,125元/平",2022/4/30
139,3室2厅,89.66平米,南,精装,低楼层(共18层) ,,塔楼,碧桂园豪园荔山苑3房2厅。。。。。。。。。。。。,碧桂园豪园荔山苑    -  增城碧桂园 ,127,"14,165元/平",2022/4/30
140,2室1厅,54.36平米,东北,简装,低楼层(共12层),1998年建,塔楼,江南西商圈 地铁500米 小区管理 菩小 原装电梯 户型好,江南苑    -  工业大道北 ,269.9,"49,651元/平",2022/4/30
141,3室2厅,93.09平米,南 北,简装,低楼层(共18层),2008年建,塔楼,尚东尚筑 南北对流户型 小区中间位置 包车位,尚东尚筑    -  番禺客运站 ,338,"36,309元/平",2022/4/30
142,3室2厅,91平米,南 北,精装,中楼层(共6层) ,,塔楼,秀全大道 位于花城路地铁站 花园小区 停车便利 低层,秀全大道    -  旧区 ,98,"10,770元/平",2022/4/30
143,3室2厅,95.17平米,东南,精装,高楼层(共33层),2015年建,塔楼,中海誉城南苑 东南向安静 3房2卫 中间楼 税，总钱可谈,中海誉城南苑    -  香雪 ,365,"38,353元/平",2022/4/30
144,3室1厅,91.92平米,南,精装,中楼层(共28层),2014年建,塔楼,祈福天龙苑，南向三房，精装修未入住过，业主诚心卖,祈福天龙苑    -  旧区 ,185,"20,127元/平",2022/4/30
145,5室2厅,169.22平米,南,毛坯,中楼层(共4层) ,,塔楼,雅居乐 流溪河边 边位大花园 买一层多一层,雅居乐小院流溪    -  赤草 ,200,"11,819元/平",2022/4/30
146,4室1厅,123平米,南 北,毛坯,中楼层(共34层),2018年建,塔楼,楼层好视野宽阔 ，房子很好采光好，生活配套丰富。,广州融创文旅城B1区    -  花城街 ,315,"25,610元/平",2022/4/30
147,3室1厅,67.45平米,东南,精装,中楼层(共6层),1989年建,板楼,光复中路 全明三房带主套 厅出阳台东向 全新精装修,光复中路    -  龙津 ,220,"32,617元/平",2022/4/30
148,3室1厅,116平米,东南,精装,29层,2013年建,塔楼,满五精装修，楼层好，望花园，配套设施齐全，交通方便,东方名都    -  白江 ,285,"24,569元/平",2022/4/30
149,4室3厅,176.77平米,南,简装,高楼层(共6层),2008年建,板楼,高层复式，带天台自用，通透对流，视野开阔看花园,流溪河山庄    -  赤草 ,130,"7,355元/平",2022/4/30
150,4室2厅,190.5平米,东 东南 南,毛坯,中楼层(共4层) ,,板楼,金地荔湖城公园上城 4室2厅 东 东南 南,金地荔湖城公园上城    -  永和 ,240,"12,599元/平",2022/4/30
151,4室2厅,134.36平米,东南,精装,高楼层(共18层),2008年建,塔楼,海伦堡小半岛高层大四房，南向，有匙即看。三阳台,广州海伦堡    -  沙村 ,250,"18,607元/平",2022/4/30
152,4室1厅,130.61平米,南,毛坯,高楼层(共33层),2013年建,塔楼,豪进山湖BZ.中高楼层南向毛胚4房,豪进山湖BZ    -  白江 ,305,"23,352元/平",2022/4/30
153,3室1厅,107.04平米,东南,毛坯,高楼层(共18层),2010年建,塔楼,紫泉翠荔嘉园 视野开阔 毛坯房户型方正,紫泉翠荔嘉园    -  太平镇 ,137,"12,799元/平",2022/4/30
154,5室2厅,185.57平米,南 北,毛坯,30层,2013年建,板楼,东方名都 南北对流 环境好,东方名都    -  白江 ,400,"21,556元/平",2022/4/30
155,4室2厅,166.39平米,东 南,毛坯,29层,2013年建,塔楼,东方名都 4室2厅 东 南,东方名都    -  白江 ,290,"17,429元/平",2022/4/30
156,4室1厅,167.15平米,东南,毛坯,29层,2013年建,塔楼,地铁口看花园中高楼层四房，通风采光好,东方名都    -  白江 ,300,"17,948元/平",2022/4/30
157,4室2厅,158.43平米,南,精装,高楼层(共20层) ,,塔楼,恒福花园 满五年 高层四房装修保养新 南北通透采光好,恒福花园    -  中新镇 ,240,"15,149元/平",2022/4/30
158,3室2厅,123.63平米,南,精装,低楼层(共28层),2012年建,塔楼,汇东国际花园123平方3房2厅2卫,汇东国际花园    -  白江 ,254,"20,546元/平",2022/4/30
159,4室1厅,118.33平米,南,精装,中楼层(共18层),2014年建,塔楼,楼层好，装修保养好，地铁口物业，南向N+1户型,新塘新世界花园万象苑    -  沙村 ,299,"25,269元/平",2022/4/30
160,4室2厅,168.57平米,南,精装,中楼层(共18层),2008年建,塔楼,合生南向五房开发商装修没住过。,合生湖山国际    -  凤凰城 ,300,"17,797元/平",2022/4/30
161,4室1厅,166.4平米,南 北,精装,高楼层(共6层),2008年建,板楼,满五唯一，碧桂园稀有复式，南北对流,荔城碧桂园    -  荔城西区 ,196,"11,779元/平",2022/4/30
162,3室1厅,120.96平米,南,毛坯,高楼层(共28层),2012年建,塔楼,南北对流中间层，望花园安静不吵，满五唯一,汇东国际花园    -  白江 ,244,"20,172元/平",2022/4/30
163,4室2厅,166.58平米,东南 南,毛坯,29层,2013年建,塔楼,东方名都面积大，四居室，功能分区明确,东方名都    -  白江 ,321,"19,271元/平",2022/4/30
164,4室2厅,120.58平米,南 北,精装,中楼层(共8层),2000年建,塔楼,沙园地铁口 准电梯 南向全明屋 一证两套间 满五年唯一,凤凰新村    -  工业大道北 ,323,"26,788元/平",2022/4/30
165,4室2厅,195.74平米,东南,毛坯,低楼层(共3层) ,,塔楼,金地荔湖城全新毛坯临湖叠墅诚意出,金地荔湖城    -  永和 ,255,"13,028元/平",2022/4/30
166,4室2厅,169.14平米,北,毛坯,高楼层(共12层),2008年建,塔楼,半岛顶楼复式，带空中花园，望湖,广州海伦堡    -  沙村 ,273,"16,141元/平",2022/4/30
167,3室1厅,121.18平米,南,精装,低楼层(共28层),2016年建,塔楼,近地铁，交通方便，教育无忧，小区环境好气氛活跃,汇东国际花园    -  白江 ,256,"21,126元/平",2022/4/30
168,5室2厅,240.39平米,东,精装,高楼层(共24层),2013年建,塔楼,森林半岛顶层复式  采光通风好,翡翠绿洲森林半岛    -  凤凰城 ,340,"14,144元/平",2022/4/30
169,3室1厅,159.28平米,东北,毛坯,低楼层(共18层) ,,塔楼,新塘地铁口 大三房  税费少 业主诚心放卖,现代城市花园    -  新塘北 ,242,"15,194元/平",2022/4/30
170,4室2厅,143平米,东南,精装,中楼层(共18层),2008年建,塔楼,四房，南北对流，保养好，位置安静。,合生湖山国际    -  凤凰城 ,269,"18,812元/平",2022/4/30
171,4室2厅,187.69平米,东,精装,中楼层(共24层),2011年建,塔楼,精装大四房，满五年，保养好，阳台田园景观无遮挡，,翡翠绿洲森林半岛    -  凤凰城 ,320,"17,050元/平",2022/4/30
172,4室2厅,132.22平米,南,精装,低楼层(共12层),2008年建,塔楼,海伦堡南岗广场傍跃式四房 精装修 18000不到,广州海伦堡    -  沙村 ,235,"17,774元/平",2022/4/30
173,4室2厅,88.24平米,南 北,其他,低楼层(共6层),1999年建,塔楼,云龙苑正规三房　小区环境优美　管理完善　少有放盘,云龙苑    -  沙河 ,248,"28,106元/平",2022/4/30
174,3室1厅,71.31平米,南 北,精装,高楼层(共7层) ,,塔楼,福今东8号大院 育才旁  电梯三房带独立天台花园,福今东    -  东风东 ,590,"82,738元/平",2022/4/30
175,3室1厅,87.53平米,东南,简装,高楼层(共18层) ,,塔楼,户型实用  朝东南 通风好  楼间距宽  无遮挡视野好,顺欣花园    -  新塘北 ,130,"14,853元/平",2022/4/30
176,3室1厅,88.59平米,东南,精装,12层,2000年建,塔楼,罗冲围 富力半岛 东南向精品3房 拎包入住，江景房,富力半岛花园    -  罗冲围 ,360,"40,637元/平",2022/4/30
177,3室2厅,114.08平米,北,精装,高楼层(共7层) ,,塔楼,满五唯一 望花园 安静 户型方正 业主急卖,东悦雅苑    -  旧区 ,155,"13,587元/平",2022/4/30
178,3室2厅,76.88平米,东,简装,中楼层(共7层),1988年建,塔楼,光孝路低层南向三房 南北对流 看房方便,光孝路    -  西门口 ,240,"31,218元/平",2022/4/30
179,2室1厅,48.2平米,南,简装,低楼层(共6层),1997年建,塔楼,广钢观鹤小区 2室1厅 南,广钢观鹤小区    -  广钢新城 ,115,"23,859元/平",2022/4/30
180,4室2厅,128.5平米,北,精装,1层,2000年建,板楼,近缤纷汇，单边位，房子过五年，看房方便，保养好,祈福新村绿怡花园    -  祈福新村 ,868,"67,549元/平",2022/4/30
181,2室1厅,91平米,东南,精装,低楼层(共28层),2012年建,塔楼,大两房，少有的东南向，冬暖夏凉，主要是笋,新都盛世名门    -  白江 ,195,"21,429元/平",2022/4/30
182,3室2厅,107.76平米,南 北,精装,中楼层(共30层),2016年建,塔楼,满五年，精装修可拎包入住，位置好，前后花园视野佳,尚东阳光雅苑    -  沙村 ,249,"23,107元/平",2022/4/30
183,2室1厅,62.62平米,南,简装,低楼层(共9层),1999年建,塔楼,金融城区域，稀有低楼层两房，笋盘,穗茵园    -  天河公园 ,320,"51,102元/平",2022/4/30
184,3室2厅,75.83平米,北,精装,低楼层(共6层),1999年建,塔楼,燕塘地铁 鸿燕居 精装三房 采光通风好 楼龄新 安静,鸿燕居    -  燕塘 ,288,"37,980元/平",2022/4/30
185,2室1厅,62.05平米,南,简装,低楼层(共7层) ,,塔楼,纪念堂 大院管理 三面单边 框架结构,解放北路(越秀区)    -  解放北 ,263,"42,386元/平",2022/4/30
186,2室1厅,77.3平米,西南,简装,低楼层(共18层),2002年建,塔楼,江南新苑 两房 格局房子 满五唯一 装修保养好,江南新苑    -  新港西 ,495,"64,037元/平",2022/4/30
187,3室2厅,72.3平米,南 北,精装,高楼层(共9层) ,,塔楼,下塘西路 电梯高层 精装三房 户型方正 南北对流,下塘西路    -  麓景 ,350,"48,410元/平",2022/4/30
188,3室2厅,92.96平米,南,精装,高楼层(共40层),2017年建,塔楼,满五唯一，江景高楼层，南北对流，装修保养好,融穗澜湾    -  番禺广场 ,448,"48,193元/平",2022/4/30
189,3室2厅,115.07平米,东 南 北,精装,中楼层(共9层),1993年建,塔楼,大德路 3室2厅 东 南 北,大德路    -  解放南 ,400,"34,762元/平",2022/4/30
190,2室1厅,58.97平米,南,其他,中楼层(共9层),1998年建,塔楼,此房满五不唯一，户型方正，实用两房,江南苑    -  工业大道北 ,237,"40,190元/平",2022/4/30
191,3室2厅,97.86平米,北,精装,高楼层(共11层),2004年建,塔楼,满五精致三房，原装电梯，高层望小蛮腰,金穗雅园    -  广州大道南 ,648,"66,218元/平",2022/4/30
192,3室1厅,63.66平米,南 北,精装,高楼层(共6层),1987年建,塔楼,天河区精装修三房  大院管理 近沙河顶地铁,物资局大院    -  沙河 ,199,"31,260元/平",2022/4/30
193,3室2厅,90.63平米,北,精装,高楼层(共17层),2008年建,塔楼,满五唯一 中高楼层 视野开阔 带装修 格局方正,裕丰新村    -  亚运城 ,160,"17,655元/平",2022/4/30
194,3室2厅,90.16平米,东南,精装,高楼层(共15层),2002年建,塔楼,荷塘月色 南向高层 视野开阔无遮挡 满五唯一,白云高尔夫花园荷塘月色    -  黄石 ,460,"51,021元/平",2022/4/30
195,2室2厅,66.11平米,南,精装,高楼层(共8层),1990年建,塔楼,丰乐小区   南向电梯两房   交通便利,丰乐小区77号大院    -  大沙地 ,209,"31,549元/平",2022/4/30
196,3室2厅,113平米,南,精装,中楼层(共7层),2006年建,塔楼,新塘地铁站满五唯一装修保养好电梯三房,亚太新城富丽园    -  新塘北 ,161,"14,248元/平",2022/4/30
197,2室2厅,69.66平米,西,简装,中楼层(共33层),2017年建,塔楼,收楼标准，采光充足，中高楼层，保养好，视野开阔。,合景花漫里    -  永和 ,110.4,"15,849元/平",2022/4/30
198,3室2厅,114.15平米,南 北,毛坯,中楼层(共17层),2009年建,塔楼,上城湾畔 单证 高楼层 小区中间位置,上城湾畔东区    -  江浦街 ,220,"19,273元/平",2022/4/30
199,3室2厅,101.38平米,东北,精装,中楼层(共17层),2016年建,塔楼,急急急!!!太平地铁站  2梯4户  精装拎包入住,大城云山    -  太平镇 ,133.6,"13,179元/平",2022/4/30
200,3室2厅,132.94平米,西,精装,高楼层(共6层) ,,板楼,碧桂园电梯洋房 增城实验三中旁 满五年税费低,荔城碧桂园    -  荔城西区 ,175,"13,164元/平",2022/4/30
201,3室1厅,141.03平米,西南,精装,29层,2013年建,塔楼,东方名都 3室1厅 西南,东方名都    -  白江 ,308,"21,840元/平",2022/4/30
202,4室2厅,125平米,东南,精装,中楼层(共20层),2001年建,塔楼,中大商圈 精装修 南向四房 交通便利,顺华名庭    -  新港西 ,525,"42,000元/平",2022/4/30
203,3室2厅,127.13平米,北,精装,中楼层(共32层),2011年建,板塔结合,天河公园西门 东方新世界三期熹园 3房2卫,东方新世界熹园    -  天河公园 ,978,"76,922元/平",2022/4/30
204,4室2厅,200.08平米,南 北,精装,高楼层(共9层),2002年建,塔楼,牡丹花园，花都广场旁，地铁口，户型方正实用,牡丹花园    -  旧区 ,275,"13,745元/平",2022/4/30
205,2室1厅,34.92平米,东南,精装,低楼层(共5层),1999年建,板楼,西门口商圈首层东南带30方后花园采光好2房,大德路    -  解放南 ,118,"33,792元/平",2022/4/30
206,6室2厅,371.72平米,东 南 北,精装,低楼层(共37层) ,,塔楼,天誉半岛五房传世大宅 一梯一户 全新未住 望江单位,天誉半岛花园    -  洪德 ,2680,"72,098元/平",2022/4/30
207,4室1厅,144.59平米,西北,精装,中楼层(共31层),2007年建,塔楼,珠江帝景苑金殿四房环境优美中楼层新装修望塔景观靓,珠江帝景苑    -  滨江东 ,790,"54,593元/平",2022/4/30
208,3室2厅,113.49平米,东南,简装,高楼层(共5层),2002年建,塔楼,南浦海滨东南向二层复三房 楼顶带空中花园,南浦海滨花园    -  南浦 ,330,"29,078元/平",2022/4/30
209,3室2厅,118.8平米,东北,精装,46层,2000年建,塔楼,沿江品质小区 户型方正 南北对流 过五年唯一,海珠半岛花园    -  滨江东 ,835,"70,287元/平",2022/4/30
210,2室2厅,90.9平米,东北,精装,中楼层(共18层),2013年建,塔楼,配套齐全，广州14号地铁线从化站出口,欣荣宏国际商贸城    -  江浦街 ,153,"16,832元/平",2022/4/30
211,2室1厅,81.42平米,北,简装,中楼层(共11层) ,,板楼,此房满两年，格局方正，业主自住，装修保养好,新康花园康馨苑    -  白江 ,126.5,"15,537元/平",2022/4/30
212,2室1厅,87.14平米,南 东南,精装,高楼层(共28层),2016年建,塔楼,汇东国际南向精装两房 满五唯一 税费少 高层视野好,汇东国际花园    -  白江 ,193,"22,149元/平",2022/4/30
213,3室2厅,141.36平米,南 北,精装,中楼层(共11层),2012年建,塔楼,新都盛世名门 3室2厅 南 北,新都盛世名门    -  白江 ,265,"18,747元/平",2022/4/30
214,2室1厅,62.95平米,北,精装,中楼层(共11层),2016年建,塔楼,景新豪苑 正规2房 精装修 楼龄新 刚需上车,景新豪苑    -  新塘北 ,98,"15,568元/平",2022/4/30
215,3室2厅,128.6平米,南,精装,低楼层(共18层) ,,塔楼,南向大三房，满五年税费低，阳台望别墅美景，视野开阔,锦绣御景苑三期    -  荔城西区 ,168,"13,064元/平",2022/4/30
216,3室1厅,101.32平米,南,精装,中楼层(共12层),2002年建,塔楼,荷塘月色 南向精装三房 交通方便 地段成熟 看房方便,白云高尔夫花园荷塘月色    -  黄石 ,210,"20,727元/平",2022/4/30
217,2室1厅,77.07平米,西,精装,低楼层(共19层),2008年建,塔楼,嘉骏豪苑 格局方正 采光好 牛仔城商圈 保养好,嘉骏豪苑    -  新塘南 ,106,"13,754元/平",2022/4/30
218,2室2厅,69.28平米,南,简装,中楼层(共11层),2017年建,塔楼,南向，采光充足、看房方便，视野开阔。,合景誉山国际    -  永和 ,109.8,"15,849元/平",2022/4/30
219,3室2厅,93.77平米,北,精装,高楼层(共18层),2013年建,板塔结合,景新国际 精装修三房 楼层好视野好,景新国际名城    -  中新镇 ,139,"14,824元/平",2022/4/30
220,3室2厅,126.46平米,南,精装,高楼层(共39层),2012年建,塔楼,满五唯一，保利一线江景洋房，高层视野开阔，全南向,保利东江首府    -  新塘南 ,288,"22,774元/平",2022/4/30
221,3室2厅,110.58平米,北,精装,中楼层(共12层),2008年建,塔楼,广州海伦堡 漂亮三房，北向楼层好 没有按揭 配套齐全,广州海伦堡    -  沙村 ,190,"17,183元/平",2022/4/30
222,4室2厅,157.7平米,南,精装,1层,2002年建,暂无数据,碧桂园凤凰城凤翠苑 4室2厅 南,碧桂园凤凰城凤翠苑    -  凤凰城 ,457.7,"29,024元/平",2022/4/30
223,4室2厅,211.55平米,南,毛坯,3层 ,塔楼,联排别墅 ,雅居乐 流溪河边大4房2厅采光好格局实用,雅居乐小院流溪    -  赤草 ,245,"11,582元/平",2022/4/30
224,3室2厅,86.42平米,北,精装,中楼层(共9层) ,,塔楼,新塘地铁口小三房，装修保养好，看房方便,富雅名居    -  新塘北 ,130,"15,043元/平",2022/4/30
225,3室2厅,127.1平米,南 北,精装,高楼层(共32层),2012年建,塔楼,中高楼层视野宽阔，满五唯一无可挑剔,保利东江首府    -  新塘南 ,296,"23,289元/平",2022/4/30
226,2室1厅,60.75平米,南,精装,中楼层(共8层),2000年建,平房,梅园新居  刚需两房 户型方正，均朝南向 格局好,梅园新居    -  梅花园 ,181,"29,795元/平",2022/4/30
227,2室1厅,62.72平米,东,精装,中楼层(共5层) ,,板楼,白云大道北 安华汇 白云山 低楼层精装修东南向两房,元下田791号大院    -  元下田 ,140,"22,322元/平",2022/4/30
228,3室1厅,83.91平米,西北,简装,高楼层(共6层) ,,塔楼,兴云路 正规三房 满五唯一  大院管理  户型好,兴云路    -  景泰 ,176,"20,975元/平",2022/4/30
229,2室1厅,80.62平米,北 东北,精装,中楼层(共9层),2000年建,塔楼,五山板块 精装优质大两房 安静方正 喜欢随时来看房,园田居    -  石牌 ,408,"50,608元/平",2022/4/30
230,2室1厅,71.98平米,东南,其他,高楼层(共11层),1998年建,塔楼,此房是马赛克外墙，四楼平台花园。,雅图花园    -  镜湖大道 ,63,"8,753元/平",2022/4/30
231,3室2厅,118.57平米,南,精装,高楼层(共9层) ,,塔楼,棠树 嘉豪雅苑 电梯 3房带主套 南向,嘉豪雅苑    -  旧区 ,180,"15,181元/平",2022/4/30
232,4室2厅,130.35平米,南,简装,高楼层(共9层) ,,塔楼,花都区市区花城路地铁口50米物业放卖,青晖小区    -  旧区 ,103,"7,902元/平",2022/4/30
233,3室2厅,85.56平米,南 北,精装,低楼层(共18层),2016年建,塔楼,南北对流小3房，户型方正，看房方便,合景誉山国际    -  永和 ,139,"16,246元/平",2022/4/30
234,2室1厅,74.77平米,北,精装,中楼层(共15层),2004年建,塔楼,高层望花园 安静舒适 户型方正 近地铁,元邦航空家园    -  马务 ,230,"30,762元/平",2022/4/30
235,2室1厅,48.83平米,北,精装,中楼层(共9层),1998年建,塔楼,侨德花园 小区门口就是地铁口 满五年 拎包入住即可,侨德花园    -  同德围 ,139,"28,467元/平",2022/4/30
236,3室2厅,109平米,北,精装,高楼层(共9层),2000年建,塔楼,看花园安静  一手业主 近地铁 电梯三房 高楼层,东怡新区东景园    -  东怡新区 ,339,"31,101元/平",2022/4/30
237,3室2厅,70.28平米,南,简装,低楼层(共9层),2000年建,塔楼,荣芳楼 3室2厅 南,荣芳楼    -  旧区 ,60,"8,538元/平",2022/4/30
238,4室2厅,98平米,南 北,精装,中楼层(共8层) ,,板楼,够五唯一，拎包入住，双大阳台低层,建设北路    -  旧区 ,110,"11,225元/平",2022/4/30
239,3室1厅,97.26平米,南,精装,中楼层(共10层),2011年建,塔楼,证满五年，南向三房，房间都南向看房方便,锦林山庄    -  科学城 ,273,"28,056元/平",2022/4/30
240,2室1厅,76.51平米,南,简装,低楼层(共8层),2000年建,塔楼,此房证满五年 近花地湾地铁 低层南向安静小区环境佳,红棉苑南区    -  花地湾 ,245,"32,022元/平",2022/4/30
241,2室1厅,64.5平米,南,简装,中楼层(共9层),1999年建,塔楼,荔景园南向两房，格局方正，有电梯,荔景园(黄埔区)    -  黄埔区府 ,260,"40,311元/平",2022/4/30
242,2室1厅,78平米,东南,精装,高楼层(共9层),1996年建,塔楼,诚居花园 2室1厅 东南,诚居花园    -  员村 ,315,"40,385元/平",2022/4/30
243,2室1厅,76.51平米,南,简装,低楼层(共8层),2000年建,塔楼,此房证满五年 近花地湾地铁 低层南向安静小区环境佳,红棉苑南区    -  花地湾 ,245,"32,022元/平",2022/4/30
244,3室1厅,71.39平米,南,精装,中楼层(共7层),1992年建,塔楼,景泰新村 原装三房 南北朝向 7.6米长阳台 精装修,景泰新村    -  景泰 ,208,"29,136元/平",2022/4/30
245,3室2厅,102.22平米,北 南,精装,6层,2006年建,板楼,3、7号双地铁  南国奥园   户型方正  明房三房,南国奥林匹克花园    -  汉溪长隆 ,335,"32,773元/平",2022/4/30
246,3室2厅,79.9平米,南,其他,中楼层(共6层),1999年建,塔楼,芳华花园洛涛居北区 3室2厅 南,芳华花园洛涛居北区    -  洛溪 ,280,"35,044元/平",2022/4/30
247,3室1厅,105.94平米,南 北,精装,高楼层(共31层),2010年建,塔楼,广州北站地铁口，看花园安静舒适大三房。配套成熟,南华时代城    -  旧区 ,198,"18,690元/平",2022/4/30
248,3室2厅,92.97平米,北,精装,低楼层(共17层),2012年建,塔楼,豪骏名苑 低密度小区 格局方正 南北对流 采光好,豪骏名苑    -  旧区 ,150,"16,135元/平",2022/4/30
249,3室1厅,102.35平米,南,精装,高楼层(共7层),1993年建,塔楼,精装3房 面积大 总jia低 买入即住,大北路    -  市桥 ,130,"12,702元/平",2022/4/30
250,2室1厅,55.78平米,南,简装,中楼层(共4层) ,,暂无数据,广州冶金厂宿舍区 2室1厅 南,广州冶金厂宿舍区    -  桂花岗 ,125,"22,410元/平",2022/4/30
251,3室2厅,92.49平米,南,精装,低楼层(共33层),2015年建,塔楼,活力花园二期 三房套房 南向 望花园 近地铁出入方便,祈福新村都市活力花园    -  祈福新村 ,375,"40,545元/平",2022/4/30
252,2室1厅,72.77平米,北,简装,中楼层(共6层),2001年建,塔楼,满五 近地铁 岭南花园 稀有低层两房 大众热宠户型,岭南花园    -  同德围 ,228,"31,332元/平",2022/4/30
253,2室2厅,67.98平米,东,精装,18层,2005年建,塔楼,满五年唯一  装修好，户型方正 产权清晰,金碧雅苑    -  黄边 ,268,"39,424元/平",2022/4/30
254,3室2厅,94.91平米,东南,精装,高楼层(共21层) ,,塔楼,保利地铁 南向望花园 精装三房 全新未住 安静不吵,保利悦廷    -  秀全街 ,178,"18,755元/平",2022/4/30
255,2室2厅,96.84平米,南 北,精装,中楼层(共11层),2010年建,板楼,房子是满五年，装修保养好，南北对流，位置很安静,亚运城运动员村四区    -  亚运城 ,255,"26,333元/平",2022/4/30
256,3室1厅,60.01平米,东南,精装,低楼层(共9层),1993年建,塔楼,小区管理，东南向温馨小三房。满五，看房有钥匙,百事佳新村A区    -  景泰 ,205,"34,161元/平",2022/4/30
257,4室1厅,55.28平米,南 北,精装,高楼层(共9层) ,,塔楼,清水濠 南北向精装电梯三房 满五唯一 独立天台花园,文明路    -  农讲所 ,368,"66,571元/平",2022/4/30
258,2室1厅,38.8平米,西南,精装,高楼层(共9层),1997年建,塔楼,鹭江地铁口 电梯平层小两房 全新装修 满五看房方便,鹭苑公寓    -  新港西 ,208,"53,609元/平",2022/4/30
259,2室1厅,48.27平米,东南,精装,中楼层(共7层) ,,塔楼,天成路 2室1厅 东南,天成路    -  人民路 ,136,"28,175元/平",2022/4/30
260,3室1厅,106.82平米,西北,精装,高楼层(共16层),2003年建,塔楼,户型方正，电梯高层，实用三房，人车分流小区,丽江花园左岸    -  南浦 ,358,"33,515元/平",2022/4/30
261,3室2厅,78.33平米,西北,精装,高楼层(共39层),2015年建,塔楼,鱼珠板块  第二CBD   高楼层3房,保利学府里    -  大沙地 ,480,"61,280元/平",2022/4/30
262,3室2厅,95.16平米,南,精装,中楼层(共9层),2009年建,塔楼,林海南向小高层 双大阳台 位置安静 近地铁,保利林海山庄    -  龙洞 ,542,"56,957元/平",2022/4/30
263,5室2厅,198.44平米,南,精装,低楼层(共25层),2016年建,塔楼,近地铁 正南正北 5房 雅居乐富春山居 带装修 保养新,雅居乐富春山居    -  科学城 ,593,"29,869元/平",2022/4/30
264,4室2厅,128.3平米,南 北,精装,中楼层(共33层) ,,塔楼,越秀保利爱特城 4室2厅 南 北,越秀保利爱特城    -  香雪 ,425,"33,126元/平",2022/4/30
265,3室2厅,55.25平米,东 南 北,精装,中楼层(共9层),1990年建,塔楼,东华东路 低层三房 格局方正 采光通风好 近地铁,东华东路    -  东山口 ,298,"53,937元/平",2022/4/30
266,3室2厅,132.11平米,东南,精装,中楼层(共46层),2009年建,塔楼,南向望江 东向望珠江公园 全新装修三房,方圆月岛    -  珠江新城中 ,1083,"81,961元/平",2022/4/30
267,3室2厅,88.21平米,南,精装,中楼层(共31层),2017年建,塔楼,实用小三房，户型方正，中高楼层,保利i立方    -  永和 ,152,"17,232元/平",2022/4/30
268,3室2厅,138.74平米,南,毛坯,低楼层(共17层),2013年建,塔楼,富豪山庄证过5年 南向 业主诚心放卖方便看,富豪山庄    -  富豪山庄 ,455,"32,796元/平",2022/4/30
269,3室1厅,69.09平米,东,简装,中楼层(共8层),1992年建,塔楼,景泰新村3房 中层电梯 格局方正 位置安静,景泰新村    -  景泰 ,195,"28,225元/平",2022/4/30
270,3室2厅,103.36平米,东,精装,高楼层(共14层),2002年建,塔楼,高层看花园 安静舒适 大三房三阳台 格局方正实用,白云高尔夫花园东区    -  黄石 ,428,"41,409元/平",2022/4/30
271,3室2厅,91.76平米,南,毛坯,中楼层(共28层),2014年建,塔楼,全新毛坯 南向看花园 中高楼层 安静不靠路,祈福天龙苑    -  旧区 ,166,"18,091元/平",2022/4/30
272,3室2厅,132.11平米,东南,精装,中楼层(共46层),2009年建,塔楼,南向望江 东向望珠江公园 全新装修三房,方圆月岛    -  珠江新城中 ,1083,"81,961元/平",2022/4/30
273,3室1厅,72.16平米,西北,精装,中楼层(共9层),2000年建,塔楼,岗贝路海棠居 3室1厅 西北,岗贝路海棠居    -  机场路 ,238,"32,983元/平",2022/4/30
274,2室1厅,72.65平米,北,简装,中楼层(共18层),2010年建,塔楼,媒体南村满五唯一，南北对流户型，光线好,亚运城媒体南村    -  亚运城 ,212,"29,182元/平",2022/4/30
275,3室2厅,81.84平米,西南,精装,高楼层(共63层) ,,塔楼,高层视野采光好 保养好 楼龄新 管理好,中海花湾壹号（C区）    -  广钢新城 ,419,"51,198元/平",2022/4/30
276,3室1厅,85.29平米,南,精装,中楼层(共9层),2004年建,塔楼,南园居电梯南向三房户型，三阳台，使用率高，少税！,南园居    -  琶洲中 ,555,"65,073元/平",2022/4/30
277,3室2厅,96.17平米,北,精装,低楼层(共18层),2011年建,塔楼,满五唯一 税费少 精装方正三房 中间位置安静,美力百富雅苑二期    -  新区 ,188,"19,549元/平",2022/4/30
278,3室2厅,94.19平米,南 北,精装,高楼层(共15层) ,,塔楼,沙面岛旁 望江电梯高层 精装三房两厅带主套 证过五年,国信广场    -  黄沙 ,325,"34,505元/平",2022/4/30
279,3室2厅,88.21平米,南,精装,中楼层(共31层),2017年建,塔楼,实用小三房，户型方正，中高楼层,保利i立方    -  永和 ,152,"17,232元/平",2022/4/30
280,3室2厅,138.74平米,南,毛坯,低楼层(共17层),2013年建,塔楼,富豪山庄证过5年 南向 业主诚心放卖方便看,富豪山庄    -  富豪山庄 ,455,"32,796元/平",2022/4/30
281,3室1厅,109.65平米,东 东北,其他,低楼层(共33层),2008年建,塔楼,协和新世界花园社区对花园三房 装修新 格局好,协和新世界    -  天润路 ,1150,"104,880元/平",2022/4/30
282,2室1厅,66.55平米,南,精装,高楼层(共17层),2007年建,塔楼,芳草轩  电梯高层  南向实用两房,芳草轩    -  东晓南 ,320,"48,085元/平",2022/4/30
283,2室1厅,77.82平米,北,简装,低楼层(共36层),2006年建,塔楼,陶然庭苑望花园新装两房方正安静,华景新城陶然庭苑    -  华景新城 ,435,"55,854元/平",2022/4/30
284,2室1厅,75.15平米,南 北,简装,中楼层(共18层),2002年建,塔楼,一手业主置换放卖 南向阳光好 正规两房 通风采光好,富力千禧花园    -  中大 ,455,"60,546元/平",2022/4/30
285,3室1厅,77.02平米,北,简装,低楼层(共28层),2002年建,塔楼,经典小三房有五十方平台，实用率高，过五年产权清晰,逸景翠园    -  广州大道南 ,488,"63,361元/平",2022/4/30
286,3室2厅,92.85平米,北,精装,高楼层(共18层),2012年建,板塔结合,实用小三房，南北对流，阳台朝别墅，看湖景,恒大山水城    -  中新镇 ,164,"17,663元/平",2022/4/30
287,3室2厅,100.73平米,东南,精装,中楼层(共9层) ,,塔楼,嘉汇城一期  精装三房  业主急卖  不靠路,嘉汇城一期    -  镜湖大道 ,157,"15,587元/平",2022/4/30
288,3室1厅,97.9平米,南,精装,高楼层(共9层),1999年建,塔楼,龙口西实用高达九成电梯高楼层采光好大三房,边检大院    -  龙口西 ,630,"64,352元/平",2022/4/30
289,4室2厅,103.65平米,北,简装,中楼层(共11层),2004年建,塔楼,雅居乐二期，必选好房好户型，高档社区，业主诚心放,雅居乐雍华廷二期    -  新区 ,222,"21,419元/平",2022/4/30
290,3室1厅,115.21平米,西北,简装,中楼层(共9层),2002年建,塔楼,隆康花园 3房2卫 视野开阔 看房方便,隆康花园    -  白云大道南 ,530,"46,003元/平",2022/4/30
291,3室1厅,79.06平米,西南 西,精装,中楼层(共9层) ,,塔楼,江南大道中 新装修3房 近地铁 上车神盘,江南大道中    -  江南大道中 ,245,"30,990元/平",2022/4/30
292,4室2厅,132.93平米,北,简装,低楼层(共20层),2007年建,塔楼,北向望塔望湖安静 正规四房 随时可看，一手业主诚心卖,珠江帝景苑    -  滨江东 ,726,"54,593元/平",2022/4/30
293,3室1厅,124.85平米,东南,简装,低楼层(共17层) ,,塔楼,2017年楼龄，大三房带主套 南向 大阳台 看房方便,南田路    -  宝岗 ,486,"38,927元/平",2022/4/30
294,3室2厅,79.48平米,南 北,简装,中楼层(共8层) ,,塔楼,青字头，平层电梯三房  过五年 方便看房,江南西路    -  江南西 ,360,"45,295元/平",2022/4/30
295,3室2厅,86.63平米,东南,精装,高楼层(共17层),2008年建,塔楼,此房满五唯一，无抵押，格局方正，通风透气，正南向,富力城南区    -  夏茅 ,336,"38,786元/平",2022/4/30
296,4室2厅,119.58平米,南 北,简装,高楼层(共9层) ,,平房,马赛克小区管理 电梯房  够五年唯一 南北通透,粮食局小区    -  旧区 ,125,"10,454元/平",2022/4/30
297,3室1厅,70.13平米,东南,精装,高楼层(共9层) ,,暂无数据,宝岗大道 3室1厅 东南,宝岗大道    -  宝岗 ,278,"39,641元/平",2022/4/30
298,4室2厅,126.95平米,东南,简装,低楼层(共22层),2006年建,塔楼,保利紫薇花园 大四房 户型方正 东南向 精装修保养好,紫薇花园    -  新市 ,477,"37,574元/平",2022/4/30
299,6室2厅,258.21平米,南,毛坯,低楼层(共3层),2009年建,塔楼,天马河国际公馆 6室2厅 南,天马河国际公馆    -  旧区 ,330,"12,781元/平",2022/4/30
300,4室2厅,178平米,南 北,精装,中楼层(共10层),2009年建,板楼,保利香雪山4+1户型南北对流双阳台 坐北朝南 满五唯一,保利香雪山花园    -  科学城 ,705,"39,596元/平",2022/4/30
